<Lab Name="lab de teste" Height="14.00" Width="28.00">
<Beacon X="25.00" Y="11.00" Height="2.00"/>
<Target X="25.00" Y="11.00" Radius="2.00"/>
<Wall Height="1.00">
<Corner X="26.00" Y="2.50"/>
<Corner X="28.00" Y="2.50"/>
<Corner X="28.00" Y="3.00"/>
<Corner X="26.00" Y="3.00"/>
</Wall>
<Wall Height="1.00">
<Corner X="9.00" Y="14.00"/>
<Corner X="9.00" Y="8.00"/>
<Corner X="9.50" Y="8.00"/>
<Corner X="9.50" Y="14.00"/>
</Wall>
<Wall Height="1.00">
<Corner X="11.50" Y="11.00"/>
<Corner X="11.50" Y="5.00"/>
<Corner X="12.00" Y="5.00"/>
<Corner X="12.00" Y="11.00"/>
</Wall>
<Wall Height="1.00">
<Corner X="14.00" Y="8.00"/>
<Corner X="14.00" Y="2.00"/>
<Corner X="14.50" Y="2.00"/>
<Corner X="14.50" Y="8.00"/>
</Wall>
<Wall Height="1.00">
<Corner X="21.50" Y="14.00"/>
<Corner X="21.50" Y="8.00"/>
<Corner X="22.00" Y="8.00"/>
<Corner X="22.00" Y="14.00"/>
</Wall>
<Wall Height="1.00">
<Corner X="26.00" Y="6.50"/>
<Corner X="28.00" Y="6.50"/>
<Corner X="28.00" Y="7.00"/>
<Corner X="26.00" Y="7.00"/>
</Wall>
<Wall Height="1.00">
<Corner X="19.00" Y="11.00"/>
<Corner X="19.00" Y="5.00"/>
<Corner X="19.50" Y="5.00"/>
<Corner X="19.50" Y="11.00"/>
</Wall>
<Wall Height="1.00">
<Corner X="16.50" Y="6.00"/>
<Corner X="16.50" Y="0.00"/>
<Corner X="17.00" Y="0.00"/>
<Corner X="17.00" Y="6.00"/>
</Wall>
<Wall Height="3.00">
<Corner X="9.50" Y="4.50"/>
<Corner X="4.00" Y="4.50"/>
<Corner X="4.00" Y="5.00"/>
<Corner X="9.00" Y="5.00"/>
<Corner X="9.00" Y="6.00"/>
<Corner X="9.50" Y="6.00"/>
</Wall>
<Wall Height="3.00">
<Corner X="11.00" Y="1.50"/>
<Corner X="5.50" Y="1.50"/>
<Corner X="5.50" Y="2.00"/>
<Corner X="10.50" Y="2.00"/>
<Corner X="10.50" Y="3.00"/>
<Corner X="11.00" Y="3.00"/>
</Wall>
</Lab>
