<Lab Name="lab de teste" Height="14.00" Width="28.00">
<Beacon X="17.50" Y="7.00" Height="2.00"/>
<Target X="17.50" Y="7.00" Radius="2.00"/>
<Wall Height="1.00">
<Corner X="23.50" Y="9.50"/>
<Corner X="28.00" Y="9.50"/>
<Corner X="28.00" Y="10.00"/>
<Corner X="23.50" Y="10.00"/>
</Wall>
<Wall Height="1.00">
<Corner X="23.50" Y="4.00"/>
<Corner X="28.00" Y="4.00"/>
<Corner X="28.00" Y="4.50"/>
<Corner X="23.50" Y="4.50"/>
</Wall>
<Wall Height="3.00">
<Corner X="5.50" Y="10.00"/>
<Corner X="0.00" Y="10.00"/>
<Corner X="0.00" Y="9.50"/>
<Corner X="5.50" Y="9.50"/>
</Wall>
<Wall Height="3.00">
<Corner X="5.50" Y="4.00"/>
<Corner X="0.00" Y="4.00"/>
<Corner X="0.00" Y="4.50"/>
<Corner X="5.50" Y="4.50"/>
</Wall>
<Wall Height="1.00">
<Corner X="20.50" Y="10.50"/>
<Corner X="20.50" Y="3.50"/>
<Corner X="21.00" Y="3.50"/>
<Corner X="21.00" Y="10.50"/>
</Wall>
<Wall Height="1.00">
<Corner X="14.00" Y="10.50"/>
<Corner X="14.00" Y="3.50"/>
<Corner X="14.50" Y="3.50"/>
<Corner X="14.50" Y="10.50"/>
</Wall>
<Wall Height="1.00">
<Corner X="8.00" Y="10.50"/>
<Corner X="8.00" Y="3.50"/>
<Corner X="8.50" Y="3.50"/>
<Corner X="8.50" Y="10.50"/>
</Wall>
<Wall Height="3.00">
<Corner X="11.50" Y="0.00"/>
<Corner X="11.50" Y="1.50"/>
<Corner X="11.00" Y="1.50"/>
<Corner X="11.00" Y="0.00"/>
</Wall>
<Wall Height="3.00">
<Corner X="11.50" Y="12.50"/>
<Corner X="11.50" Y="14.00"/>
<Corner X="11.00" Y="14.00"/>
<Corner X="11.00" Y="12.50"/>
</Wall>
<Wall Height="3.00">
<Corner X="24.00" Y="0.00"/>
<Corner X="24.00" Y="1.50"/>
<Corner X="23.50" Y="1.50"/>
<Corner X="23.50" Y="0.00"/>
</Wall>
<Wall Height="3.00">
<Corner X="24.00" Y="12.50"/>
<Corner X="24.00" Y="14.00"/>
<Corner X="23.50" Y="14.00"/>
<Corner X="23.50" Y="12.50"/>
</Wall>
</Lab>
