<Lab Name="lab de teste" Height="14.00" Width="28.00">
<Beacon X="17.50" Y="7.00" Height="2.00"/>
<Target X="17.50" Y="7.00" Radius="2.00"/>
<Target X="25.50" Y="7.00" Radius="2.00"/>
<Wall Height="3.00">
<Corner X="2.70" Y="7.10"/>
<Corner X="0.00" Y="7.10"/>
<Corner X="0.00" Y="6.70"/>
<Corner X="2.70" Y="6.70"/>
</Wall>
<Wall Height="3.00">
<Corner X="2.70" Y="4.00"/>
<Corner X="0.00" Y="4.00"/>
<Corner X="0.00" Y="3.60"/>
<Corner X="2.70" Y="3.60"/>
</Wall>
<Wall Height="3.00">
<Corner X="2.70" Y="10.40"/>
<Corner X="0.00" Y="10.40"/>
<Corner X="0.00" Y="10.00"/>
<Corner X="2.70" Y="10.00"/>
</Wall>
<Wall Height="1.00">
<Corner X="20.70" Y="2.30"/>
<Corner X="20.20" Y="2.30"/>
<Corner X="20.20" Y="2.90"/>
<Corner X="7.60" Y="2.90"/>
<Corner X="7.60" Y="3.30"/>
<Corner X="20.20" Y="3.30"/>
<Corner X="20.20" Y="10.70"/>
<Corner X="7.60" Y="10.70"/>
<Corner X="7.60" Y="11.10"/>
<Corner X="20.20" Y="11.10"/>
<Corner X="20.20" Y="11.70"/>
<Corner X="20.70" Y="11.70"/>
</Wall>
<Wall Height="1.00">
<Corner X="5.50" Y="8.20"/>
<Corner X="5.50" Y="5.80"/>
<Corner X="6.20" Y="5.80"/>
<Corner X="6.20" Y="8.20"/>
</Wall>
<Wall Height="3.00">
<Corner X="13.20" Y="0.00"/>
<Corner X="13.20" Y="0.90"/>
<Corner X="12.70" Y="0.90"/>
<Corner X="12.70" Y="0.00"/>
</Wall>
<Wall Height="3.00">
<Corner X="13.20" Y="13.10"/>
<Corner X="13.20" Y="14.00"/>
<Corner X="12.70" Y="14.00"/>
<Corner X="12.70" Y="13.10"/>
</Wall>
</Lab>
