<Lab Name="lab de teste" Height="14.00" Width="28.00">
<Beacon X="14.00" Y="3.50" Height="2.00"/>
<Target X="14.00" Y="3.50" Radius="1.00"/>
<Wall Height="1.00">
<Corner X="10.00" Y="3.50"/>
<Corner X="7.50" Y="3.50"/>
<Corner X="7.50" Y="4.00"/>
<Corner X="9.50" Y="4.00"/>
<Corner X="9.50" Y="5.50"/>
<Corner X="18.50" Y="5.50"/>
<Corner X="18.50" Y="4.00"/>
<Corner X="20.50" Y="4.00"/>
<Corner X="20.50" Y="3.50"/>
<Corner X="18.00" Y="3.50"/>
<Corner X="18.00" Y="4.90"/>
<Corner X="10.00" Y="4.90"/>
</Wall>
<Wall Height="3.00">
<Corner X="4.00" Y="4.00"/>
<Corner X="5.00" Y="4.00"/>
<Corner X="5.00" Y="3.00"/>
<Corner X="4.00" Y="3.00"/>
</Wall>
<Wall Height="3.00">
<Corner X="6.50" Y="7.50"/>
<Corner X="7.50" Y="7.50"/>
<Corner X="7.50" Y="6.50"/>
<Corner X="6.50" Y="6.50"/>
</Wall>
<Wall Height="3.00">
<Corner X="2.50" Y="7.50"/>
<Corner X="3.50" Y="7.50"/>
<Corner X="3.50" Y="6.50"/>
<Corner X="2.50" Y="6.50"/>
</Wall>
<Wall Height="3.00">
<Corner X="4.00" Y="11.00"/>
<Corner X="5.00" Y="11.00"/>
<Corner X="5.00" Y="10.00"/>
<Corner X="4.00" Y="10.00"/>
</Wall>
<Wall Height="3.00">
<Corner X="20.50" Y="7.50"/>
<Corner X="21.50" Y="7.50"/>
<Corner X="21.50" Y="6.50"/>
<Corner X="20.50" Y="6.50"/>
</Wall>
<Wall Height="3.00">
<Corner X="24.50" Y="7.50"/>
<Corner X="25.50" Y="7.50"/>
<Corner X="25.50" Y="6.50"/>
<Corner X="24.50" Y="6.50"/>
</Wall>
<Wall Height="3.00">
<Corner X="23.00" Y="4.00"/>
<Corner X="24.00" Y="4.00"/>
<Corner X="24.00" Y="3.00"/>
<Corner X="23.00" Y="3.00"/>
</Wall>
<Wall Height="3.00">
<Corner X="10.00" Y="10.50"/>
<Corner X="7.50" Y="10.50"/>
<Corner X="7.50" Y="10.00"/>
<Corner X="9.50" Y="10.00"/>
<Corner X="9.50" Y="8.50"/>
<Corner X="18.50" Y="8.50"/>
<Corner X="18.50" Y="10.00"/>
<Corner X="20.50" Y="10.00"/>
<Corner X="20.50" Y="10.50"/>
<Corner X="18.00" Y="10.50"/>
<Corner X="18.00" Y="9.00"/>
<Corner X="10.00" Y="9.00"/>
</Wall>
<Wall Height="3.00">
<Corner X="23.00" Y="11.10"/>
<Corner X="24.00" Y="11.10"/>
<Corner X="24.00" Y="10.10"/>
<Corner X="23.00" Y="10.10"/>
</Wall>
</Lab>
