<Lab Name="CiberRato 2004 - Final" Width="28.0" Height="14.0">
	<Beacon X="26.5" Y="1.5" Height="1.7"/>
	<Target X="26.5" Y="1.5" Radius="1.5"/>
	<Wall Height="2.5">
		<Corner X="10.5" Y="7.5"/>
		<Corner X="12.0" Y="6.0"/>
		<Corner X="13.5" Y="3.0"/>
		<Corner X="13.5" Y="0.0"/>
		<Corner X="14.0" Y="0.0"/>
		<Corner X="14.0" Y="11.0"/>
		<Corner X="11.5" Y="11.0"/>
		<Corner X="10.0" Y="8.0"/>
		<Corner X="3.5" Y="4.5"/>
		<Corner X="3.5" Y="4.0"/>
		<Corner X="4.0" Y="3.5"/>
		<Corner X="4.5" Y="3.5"/>
	</Wall>
	<Wall Height="1.0">
		<Corner X="16.0" Y="3.0"/>
		<Corner X="16.5" Y="3.0"/>
		<Corner X="16.5" Y="6.0"/>
		<Corner X="18.0" Y="8.5"/>
		<Corner X="19.5" Y="8.5"/>
		<Corner X="19.5" Y="10.0"/>
		<Corner X="22.0" Y="11.5"/>
		<Corner X="25.0" Y="11.5"/>
		<Corner X="25.0" Y="12.0"/>
		<Corner X="22.0" Y="12.0"/>
		<Corner X="19.5" Y="10.5"/>
		<Corner X="17.5" Y="8.5"/>
		<Corner X="16.0" Y="6.0"/>
	</Wall>
	<Wall Height="1.0">
		<Corner X="19.0" Y="0.0"/>
		<Corner X="20.5" Y="0.0"/>
		<Corner X="20.5" Y="1.0"/>
		<Corner X="22.5" Y="3.5"/>
		<Corner X="20.0" Y="6.0"/>
		<Corner X="19.0" Y="5.0"/>
		<Corner X="19.0" Y="4.0"/>
		<Corner X="19.5" Y="4.0"/>
		<Corner X="19.5" Y="5.0"/>
		<Corner X="20.0" Y="5.5"/>
		<Corner X="22.0" Y="3.5"/>
	</Wall>
	<Wall Height="1.0">
		<Corner X="28.0" Y="9.0"/>
		<Corner X="24.5" Y="6.0"/>
		<Corner X="22.5" Y="8.0"/>
		<Corner X="23.0" Y="8.5"/>
		<Corner X="24.0" Y="8.5"/>
		<Corner X="24.0" Y="9.0"/>
		<Corner X="23.0" Y="9.0"/>
		<Corner X="22.0" Y="8.0"/>
		<Corner X="24.5" Y="5.5"/>
		<Corner X="27.0" Y="7.5"/>
		<Corner X="28.0" Y="7.5"/>
	</Wall>
	<Wall Height="1.0">
		<Corner X="3.0" Y="10.0"/>
		<Corner X="6.0" Y="10.0"/>
		<Corner X="6.0" Y="11.0"/>
		<Corner X="3.0" Y="11.0"/>
	</Wall>
</Lab>
