<Lab Name="CiberRTSS2007 Stage 1" Height="14" Width="28">
	<Beacon X="22" Y="7" Height="2"/>
	<Target X="22" Y="7" Radius="2"/>
	<Wall Height="3">
		<Corner X="5.5" Y="12"/>
		<Corner X="0" Y="12"/>
		<Corner X="0" Y="11.5"/>
		<Corner X="5" Y="11.5"/>
		<Corner X="5" Y="8.5"/>
		<Corner X="5.5" Y="8.5"/>
	</Wall>
	<Wall Height="3">
		<Corner X="5.5" Y="5.5"/>
		<Corner X="5" Y="5.5"/>
		<Corner X="5" Y="2.5"/>
		<Corner X="0" Y="2.5"/>
		<Corner X="0" Y="2"/>
		<Corner X="5.5" Y="2"/>
	</Wall>
	<Wall Height="3">
		<Corner X="8" Y="5"/>
		<Corner X="13" Y="5"/>
		<Corner X="13" Y="5.5"/>
		<Corner X="8" Y="5.5"/>
	</Wall>
	<Wall Height="3">
		<Corner X="8" Y="8.5"/>
		<Corner X="13" Y="8.5"/>
		<Corner X="13" Y="9"/>
		<Corner X="8" Y="9"/>
	</Wall>
	<Wall Height="3">
		<Corner X="15.5" Y="12"/>
		<Corner X="15.5" Y="2"/>
		<Corner X="16" Y="2"/>
		<Corner X="16" Y="12"/>
	</Wall>
	<Wall Height="1">
		<Corner X="18.5" Y="9.5"/>
		<Corner X="18.5" Y="4.5"/>
		<Corner X="19" Y="4.5"/>
		<Corner X="19" Y="9.5"/>
	</Wall>
	<Wall Height="1">
		<Corner X="25.5" Y="9.5"/>
		<Corner X="25.5" Y="4.5"/>
		<Corner X="26" Y="4.5"/>
		<Corner X="26" Y="9.5"/>
	</Wall>
	<Wall Height="1">
		<Corner X="20" Y="2"/>
		<Corner X="24.5" Y="2"/>
		<Corner X="24.5" Y="2.5"/>
		<Corner X="20" Y="2.5"/>
	</Wall>
	<Wall Height="1">
		<Corner X="20" Y="11.5"/>
		<Corner X="24.5" Y="11.5"/>
		<Corner X="24.5" Y="12"/>
		<Corner X="20" Y="12"/>
	</Wall>
	<Wall Height="3">
		<Corner X="8" Y="2"/>
		<Corner X="13" Y="2"/>
		<Corner X="13" Y="2.5"/>
		<Corner X="8" Y="2.5"/>
	</Wall>
	<Wall Height="3">
		<Corner X="8" Y="11.5"/>
		<Corner X="13" Y="11.5"/>
		<Corner X="13" Y="12"/>
		<Corner X="8" Y="12"/>
	</Wall>
</Lab>
