<Lab Name="CiberRTSS08 Final" Height="14" Width="28">
	<Beacon X="7.5" Y="3.5" Height="2"/>
	<Target X="7.5" Y="3.5" Radius="2"/>
	<Wall Height="3">
		<Corner X="22.5" Y="11.5"/>
		<Corner X="22.5" Y="5"/>
		<Corner X="23" Y="5"/>
		<Corner X="23" Y="11.5"/>
	</Wall>
	<Wall Height="3">
		<Corner X="25.5" Y="7.5"/>
		<Corner X="28" Y="7.5"/>
		<Corner X="28" Y="8"/>
		<Corner X="25.5" Y="8"/>
	</Wall>
	<Wall Height="3">
		<Corner X="20.5" Y="2.5"/>
		<Corner X="20.5" Y="0"/>
		<Corner X="22.5" Y="0"/>
		<Corner X="22.5" Y="2.5"/>
	</Wall>
	<Wall Height="3">
		<Corner X="23" Y="5"/>
		<Corner X="28" Y="5"/>
		<Corner X="28" Y="5.5"/>
		<Corner X="23" Y="5.5"/>
	</Wall>
	<Wall Height="3">
		<Corner X="23" Y="11"/>
		<Corner X="25.5" Y="11"/>
		<Corner X="25.5" Y="11.5"/>
		<Corner X="23" Y="11.5"/>
	</Wall>
	<Wall Height="3">
		<Corner X="4.5" Y="11"/>
		<Corner X="16.5" Y="11"/>
		<Corner X="16.5" Y="11.5"/>
		<Corner X="4.5" Y="11.5"/>
	</Wall>
	<Wall Height="3">
		<Corner X="0" Y="9"/>
		<Corner X="3" Y="9"/>
		<Corner X="3" Y="9.5"/>
		<Corner X="0" Y="9.5"/>
	</Wall>
	<Wall Height="3">
		<Corner X="7" Y="11"/>
		<Corner X="7" Y="6.5"/>
		<Corner X="7.5" Y="6.5"/>
		<Corner X="7.5" Y="11"/>
	</Wall>
	<Wall Height="3">
		<Corner X="3.5" Y="6.5"/>
		<Corner X="3.5" Y="2.5"/>
		<Corner X="4" Y="2.5"/>
		<Corner X="4" Y="6.5"/>
	</Wall>
	<Wall Height="3">
		<Corner X="19" Y="8.5"/>
		<Corner X="19" Y="11.5"/>
		<Corner X="18.5" Y="11.5"/>
		<Corner X="18.5" Y="9"/>
		<Corner X="14" Y="9"/>
		<Corner X="14" Y="8.5"/>
	</Wall>
	<Wall Height="1">
		<Corner X="4" Y="6"/>
		<Corner X="11" Y="6"/>
		<Corner X="11" Y="0"/>
		<Corner X="11.5" Y="0"/>
		<Corner X="11.5" Y="5"/>
		<Corner X="17.5" Y="5"/>
		<Corner X="17.5" Y="3"/>
		<Corner X="18" Y="3"/>
		<Corner X="18" Y="5.5"/>
		<Corner X="11" Y="6.5"/>
		<Corner X="4" Y="6.5"/>
	</Wall>
</Lab>
